{
    "a0": 171.4440746635798,
    "a1": 0.013022717407032267
}