{
    "a0": 171.2177577563031,
    "a1": 0.013078543922110004
}