{
    "a0": 363.8262982083207,
    "a1": 0.013665350744002429
}