{
    "a0": 10.766550522648089,
    "a1": 0.013066202090592335
}